City_ID,City,Country,Lat,Lng,Max Temp,Humidity,Cloudiness,Wind Speed,Current Description
0,Busselton,AU,-33.65,115.33,64.99,63,57,4.0,broken clouds
1,Vaini,TO,-21.2,-175.2,80.6,74,20,13.87,few clouds
2,Madera,US,37.17,-119.83,66.0,41,0,4.18,clear sky
3,Rikitea,PF,-23.12,-134.97,72.68,80,23,18.79,few clouds
4,Ushuaia,AR,-54.8,-68.3,51.8,50,75,13.87,broken clouds
5,Kaitangata,NZ,-46.28,169.85,63.0,76,0,7.0,clear sky
6,Oshawa,CA,43.9,-78.85,41.0,65,90,9.17,overcast clouds
7,Berkak,NO,62.83,10.01,39.99,67,68,1.01,broken clouds
8,Provideniya,RU,64.38,-173.3,17.06,86,3,4.23,clear sky
9,Punta Arenas,CL,-53.15,-70.92,44.6,93,90,11.41,light rain
10,Hilo,US,19.73,-155.09,84.2,66,40,9.17,scattered clouds
11,Nisia Floresta,BR,-6.09,-35.21,78.8,83,40,9.17,scattered clouds
12,Pimentel,PE,-6.84,-79.93,62.26,87,22,9.93,few clouds
13,Airai,TL,-8.93,125.41,82.31,32,97,5.48,overcast clouds
14,Port Alfred,ZA,-33.59,26.89,68.4,89,96,6.51,overcast clouds
15,Khatanga,RU,71.97,102.5,-0.53,93,96,6.11,overcast clouds
16,Bluff,NZ,-46.6,168.33,72.0,55,0,11.01,clear sky
17,Havre-Saint-Pierre,CA,50.23,-63.6,17.6,78,20,9.17,few clouds
18,Westport,US,41.14,-73.36,43.0,55,20,6.93,few clouds
19,Richards Bay,ZA,-28.78,32.04,70.27,85,23,7.45,few clouds
20,Leningradskiy,RU,69.38,178.42,4.39,84,15,12.39,few clouds
21,Flinders,AU,-34.58,150.86,80.01,59,73,4.0,broken clouds
22,Broken Hill,AU,-31.95,141.43,77.0,47,75,14.99,broken clouds
23,Lebu,CL,-37.62,-73.65,52.93,84,71,3.33,broken clouds
24,Barrow,US,71.29,-156.79,12.2,85,90,9.17,overcast clouds
25,Yellowknife,CA,62.46,-114.35,3.2,84,90,5.82,light snow
26,Qaanaaq,GL,77.48,-69.36,-0.58,78,68,1.39,broken clouds
27,Kavieng,PG,-2.57,150.8,85.87,69,100,4.83,light rain
28,Hobart,AU,-42.88,147.33,69.8,43,75,17.22,broken clouds
29,Mataura,NZ,-46.19,168.86,70.0,61,25,13.0,scattered clouds
30,Tual,ID,-5.67,132.75,81.36,80,93,13.62,overcast clouds
31,Ahipara,NZ,-35.17,173.17,66.92,77,100,12.88,heavy intensity rain
32,Severo-Kurilsk,RU,50.68,156.12,41.63,72,3,14.16,clear sky
33,Ler,SS,8.3,30.14,74.82,76,57,1.88,broken clouds
34,Lagoa,PT,39.05,-27.98,61.3,66,93,14.65,overcast clouds
35,Pacific Grove,US,36.62,-121.92,57.2,71,1,4.7,clear sky
36,Aklavik,CA,68.22,-135.01,5.0,77,98,3.36,overcast clouds
37,Cabo San Lucas,MX,22.89,-109.91,78.01,83,5,10.29,clear sky
38,Cidreira,BR,-30.18,-50.21,61.11,78,1,11.65,clear sky
39,Sitka,US,57.05,-135.33,37.4,86,90,12.75,light rain
40,Mar Del Plata,AR,-38.0,-57.56,60.01,87,0,10.29,clear sky
41,Butaritari,KI,3.07,172.79,81.7,72,88,15.77,overcast clouds
42,Canon City,US,38.44,-105.24,60.8,29,1,4.7,clear sky
43,Puerto Ayora,EC,-0.74,-90.35,69.01,94,88,4.0,light rain
44,Wanaka,NZ,-44.7,169.15,65.91,65,74,8.28,broken clouds
45,Challapata,BO,-18.9,-66.77,49.77,55,0,10.47,clear sky
46,East London,ZA,-33.02,27.91,67.64,90,39,6.24,scattered clouds
47,Baker City,US,44.77,-117.83,44.01,56,1,6.93,clear sky
48,Narsaq,GL,60.92,-46.05,37.4,93,100,16.11,light rain
49,Elizabeth City,US,36.29,-76.25,46.4,81,1,3.36,clear sky
50,Simpang,ID,-1.27,104.08,84.16,79,100,0.63,overcast clouds
51,Hervey Bay,AU,-25.3,152.85,79.0,58,59,3.0,broken clouds
52,Kodiak,US,57.79,-152.41,28.4,39,1,11.41,clear sky
53,Saskylakh,RU,71.92,114.08,-3.84,91,99,2.82,overcast clouds
54,Ostrovnoy,RU,68.05,39.51,36.39,85,70,12.73,broken clouds
55,Jalingo,NG,8.88,11.37,76.86,47,93,0.85,overcast clouds
56,Biak,ID,-0.91,122.88,84.16,65,100,3.8,moderate rain
57,Port Elizabeth,ZA,-33.92,25.57,66.2,88,75,5.82,broken clouds
58,Lompoc,US,34.64,-120.46,59.0,93,75,5.82,broken clouds
59,Kruisfontein,ZA,-34.0,24.73,66.0,93,100,4.03,overcast clouds
60,Muros,ES,42.78,-9.06,42.01,94,1,9.71,clear sky
61,San Andres,CO,12.58,-81.7,77.0,94,75,9.17,broken clouds
62,Kahului,US,20.89,-156.47,87.8,58,40,17.22,scattered clouds
63,Hermanus,ZA,-34.42,19.23,63.0,93,93,1.01,overcast clouds
64,Gamba,GA,-2.65,10.0,77.2,91,53,8.46,moderate rain
65,Cape Town,ZA,-33.93,18.42,64.99,82,0,11.41,clear sky
66,Atuona,PF,-9.8,-139.03,78.35,75,49,21.05,scattered clouds
67,Malynivka,UA,49.82,36.73,41.0,100,90,6.71,fog
68,Itupiranga,BR,-5.13,-49.33,73.74,92,79,2.53,broken clouds
69,Bulgan,MN,48.81,103.53,30.09,79,59,2.53,broken clouds
70,Albany,US,42.6,-73.97,30.99,81,0,1.86,clear sky
71,Avarua,CK,-21.21,-159.78,75.2,83,100,6.93,light rain
72,Camacha,PT,33.08,-16.33,62.6,72,40,17.22,scattered clouds
73,Avera,US,33.19,-82.53,46.4,87,1,2.3,clear sky
74,Ribeira Grande,PT,38.52,-28.7,61.99,66,69,11.77,broken clouds
75,Sorong,ID,-0.88,131.25,82.53,79,100,11.36,overcast clouds
76,Esperance,AU,-33.87,121.9,62.6,63,75,13.87,broken clouds
77,Longyearbyen,SJ,78.22,15.64,30.2,68,75,16.11,light snow
78,Srebrenik,BA,44.71,18.49,50.0,100,53,1.48,broken clouds
79,Hambantota,LK,6.12,81.12,80.6,94,40,1.12,scattered clouds
80,Torbay,CA,47.67,-52.73,33.8,76,20,6.42,few clouds
81,Talnakh,RU,69.49,88.4,-11.2,83,40,2.24,scattered clouds
82,Luderitz,NA,-26.65,15.16,57.69,93,1,6.87,clear sky
83,Half Moon Bay,US,37.46,-122.43,59.0,67,5,97.75,clear sky
84,Elektrogorsk,RU,55.88,38.79,46.4,93,90,4.47,overcast clouds
85,Nome,US,64.5,-165.41,26.6,73,90,18.34,overcast clouds
86,Gunjur,GM,13.2,-16.73,77.0,94,5,9.86,clear sky
87,Kanganpur,PK,30.77,74.12,69.98,23,0,1.88,clear sky
88,Henderson,US,36.04,-114.98,78.8,26,1,5.82,clear sky
89,Victoria,HK,22.29,114.16,75.0,64,37,8.99,scattered clouds
90,Cortez,US,37.35,-108.59,55.0,39,20,3.36,few clouds
91,Cockburn Town,TC,21.46,-71.14,81.68,78,100,17.69,light rain
92,Saint-Georges,GD,12.06,-61.75,82.4,74,40,17.22,scattered clouds
93,Broome,US,42.25,-75.83,33.01,96,1,4.7,clear sky
94,Nikolskoye,RU,59.7,30.79,46.99,87,75,6.71,broken clouds
95,Vestmannaeyjar,IS,63.44,-20.27,45.41,88,100,15.86,moderate rain
96,Jamestown,US,42.1,-79.24,41.0,65,1,6.93,clear sky
97,Fortuna,US,40.6,-124.16,55.99,100,90,2.8,overcast clouds
98,Bathsheba,BB,13.22,-59.52,80.6,74,40,19.46,scattered clouds
99,Goderich,CA,43.75,-81.72,50.0,57,0,12.75,clear sky
100,Esil,KZ,51.96,66.4,30.06,92,23,6.78,few clouds
101,Santa Vitoria Do Palmar,BR,-33.52,-53.37,55.63,79,0,8.12,clear sky
102,Mahebourg,MU,-20.41,57.7,69.8,73,40,9.17,shower rain
103,Shimoda,JP,34.67,138.95,60.8,51,40,6.93,scattered clouds
104,Lodja,CD,-3.48,23.43,69.4,97,92,1.5,moderate rain
105,Coquimbo,CL,-29.95,-71.34,53.6,100,90,4.7,light intensity drizzle
106,Castro,BR,-24.79,-50.01,52.99,95,33,6.6,scattered clouds
107,Kyzyl-Suu,KG,42.34,78.01,39.25,61,1,2.28,clear sky
108,Wairoa,NZ,-39.03,177.37,76.86,39,100,3.6,overcast clouds
109,Cayenne,GF,4.93,-52.33,80.6,88,75,3.36,broken clouds
110,Bozdar,PK,27.18,68.64,59.0,87,0,2.8,mist
111,Thompson,CA,55.74,-97.86,23.0,100,90,3.36,light snow
112,Soyo,AO,-6.13,12.37,77.79,87,52,9.22,broken clouds
113,Vostok,RU,46.49,135.88,20.34,85,53,13.76,broken clouds
114,Axim,GH,4.87,-2.24,77.47,87,27,4.61,light rain
115,Daru,PG,-9.08,143.21,83.03,78,100,11.1,light rain
116,Bubaque,GW,11.28,-15.83,83.26,76,0,12.37,light rain
117,Gornopravdinsk,RU,60.05,69.9,28.62,94,100,12.46,overcast clouds
118,Codrington,AU,-38.27,141.97,56.23,77,99,13.67,overcast clouds
119,Stephenville,US,32.22,-98.2,61.0,50,1,5.82,clear sky
120,Portland,US,45.52,-122.68,60.01,93,90,7.52,overcast clouds
121,Tilichiki,RU,60.47,166.1,35.71,100,100,22.5,moderate rain
122,Los Alamos,US,35.89,-106.31,60.8,23,1,4.7,clear sky
123,Rio Grande,BR,-32.03,-52.1,55.99,77,1,1.01,clear sky
124,Pangody,RU,65.85,74.49,24.06,98,100,6.49,snow
125,Sabile,LV,57.05,22.57,44.69,94,71,5.97,broken clouds
126,Beringovskiy,RU,63.05,179.32,24.26,82,86,7.81,overcast clouds
127,Singaraja,ID,-8.11,115.09,88.41,53,20,2.57,few clouds
128,Ternate,ID,0.8,127.4,84.2,71,100,4.41,overcast clouds
129,Pisco,PE,-13.7,-76.22,62.6,88,0,9.17,clear sky
130,Kapaa,US,22.08,-159.32,80.6,83,40,12.75,scattered clouds
131,Hithadhoo,MV,-0.6,73.08,83.39,71,100,7.49,overcast clouds
132,Saint-Francois,FR,46.42,3.91,39.99,100,93,1.12,overcast clouds
133,Zhuhai,CN,22.28,113.57,80.01,64,20,10.29,few clouds
134,Atar,MR,20.52,-13.05,78.71,18,0,9.19,clear sky
135,Berlevag,NO,70.86,29.09,40.91,70,0,18.99,clear sky
136,Nanortalik,GL,60.14,-45.24,38.3,87,100,19.77,light rain
137,Bengkulu,ID,-3.8,102.27,83.37,66,76,3.02,broken clouds
138,Bethel,US,41.37,-73.41,35.6,74,90,2.17,overcast clouds
139,Carnarvon,AU,-24.87,113.63,86.0,27,0,14.99,clear sky
140,Kirensk,RU,57.79,108.11,26.56,96,100,8.61,light snow
141,Poum,NC,-20.23,164.02,77.43,77,100,6.24,moderate rain
142,Raudeberg,NO,61.99,5.14,44.01,87,100,10.29,overcast clouds
143,Saint-Philippe,RE,-21.36,55.77,71.6,49,20,8.05,few clouds
144,Salinas,US,36.68,-121.66,57.2,82,1,6.93,clear sky
145,Oussouye,SN,12.48,-16.55,78.8,94,0,2.24,clear sky
146,Stepantsevo,RU,56.13,41.7,37.78,96,14,5.5,few clouds
147,Jining,CN,35.41,116.58,60.69,30,25,12.19,scattered clouds
148,Tazovskiy,RU,67.47,78.7,8.35,96,100,9.57,overcast clouds
149,Khasan,RU,42.43,130.64,42.17,52,0,19.06,clear sky
150,Kemijarvi,FI,66.71,27.43,34.5,89,100,10.47,overcast clouds
151,Asau,RO,46.43,26.4,45.0,97,95,1.81,overcast clouds
152,Srednekolymsk,RU,67.45,153.68,-4.32,86,6,9.51,clear sky
153,Zitacuaro,MX,19.44,-100.36,57.99,80,20,5.57,few clouds
154,Bodden Town,KY,19.28,-81.25,78.8,94,75,9.17,broken clouds
155,Diffa,NE,13.32,12.61,78.19,28,0,12.57,clear sky
156,San Quintin,MX,30.48,-115.95,51.01,4,90,7.0,overcast clouds
157,Buala,SB,-8.14,159.59,86.11,66,85,6.8,overcast clouds
158,Sarai,RU,53.75,41.02,41.72,91,0,1.66,clear sky
159,Chokurdakh,RU,70.63,147.92,-16.11,82,0,3.18,clear sky
160,Arraial Do Cabo,BR,-22.97,-42.03,68.52,83,100,20.76,overcast clouds
161,Bayonet Point,US,28.33,-82.68,66.0,70,0,12.53,clear sky
162,Yangambi,CD,0.81,24.43,70.61,98,100,1.1,light rain
163,Katsuura,JP,35.13,140.3,64.0,51,20,6.93,few clouds
164,Kalininskaya,RU,45.48,38.66,52.0,87,0,8.95,clear sky
165,Cabedelo,BR,-6.98,-34.83,78.8,83,20,8.05,few clouds
166,Preobrazheniye,RU,42.9,133.91,38.17,62,0,14.65,clear sky
167,Clyde River,CA,70.47,-68.59,8.6,78,1,20.8,clear sky
168,Tomball,US,30.1,-95.62,62.01,57,0,4.59,clear sky
169,Ojinaga,MX,29.57,-104.42,69.8,30,1,4.7,clear sky
170,Yar-Sale,RU,66.83,70.83,25.18,98,99,4.18,overcast clouds
171,Ocean City,US,39.28,-74.57,52.0,80,1,4.97,clear sky
172,Omsukchan,RU,62.53,155.8,14.77,94,100,8.19,light snow
173,Springville,US,40.17,-111.61,63.0,50,20,9.17,few clouds
174,Bolgar,RU,54.95,49.07,33.8,100,90,2.24,fog
175,Tasiilaq,GL,65.61,-37.64,33.8,86,100,38.03,light rain
176,New Norfolk,AU,-42.78,147.06,69.8,43,75,17.22,broken clouds
177,Dikson,RU,73.51,80.55,2.68,92,0,7.27,clear sky
178,Nizwa,OM,22.93,57.53,64.31,27,0,1.9,clear sky
179,Iqaluit,CA,63.75,-68.51,12.2,78,20,23.04,few clouds
180,Syracuse,IT,37.09,15.28,57.99,93,40,5.82,scattered clouds
181,Campo Maior,BR,-4.83,-42.17,75.54,89,100,1.54,overcast clouds
182,Lavrentiya,RU,65.58,-171.0,16.29,85,0,10.6,clear sky
183,Faanui,PF,-16.48,-151.75,79.59,81,100,18.3,light rain
184,Thinadhoo,MV,0.53,72.93,83.01,71,94,5.14,overcast clouds
185,Mackay,AU,-21.15,149.2,84.0,51,8,11.41,clear sky
186,Saint Anthony,US,45.02,-93.22,64.4,42,1,5.82,clear sky
187,Porto Walter,BR,-8.27,-72.74,77.61,69,90,1.83,overcast clouds
188,Sipe Sipe,BO,-17.45,-66.38,66.2,34,63,8.05,broken clouds
189,Quatre Cocos,MU,-20.21,57.76,69.8,73,40,9.17,shower rain
190,Boguchany,RU,58.38,97.45,25.25,95,100,8.75,overcast clouds
191,Te Anau,NZ,-45.42,167.72,63.16,73,80,5.61,broken clouds
192,Rajaldesar,IN,28.03,74.47,74.05,18,0,8.32,clear sky
193,Waingapu,ID,-9.66,120.26,90.0,49,17,8.25,few clouds
194,Ossora,RU,59.24,163.07,41.34,92,100,30.78,moderate rain
195,Hami,CN,42.8,93.45,48.45,44,0,7.23,clear sky
196,Ingham,US,42.6,-84.38,53.6,50,1,3.36,clear sky
197,Letpadan,MM,17.78,95.75,83.82,77,0,4.18,light rain
198,Dwarka,IN,22.24,68.97,80.71,46,0,7.31,clear sky
199,Pevek,RU,69.7,170.31,-1.44,90,29,9.91,scattered clouds
200,Los Llanos De Aridane,ES,28.66,-17.92,71.6,73,75,11.41,broken clouds
201,Georgetown,MY,5.41,100.34,80.6,78,20,3.36,moderate rain
202,Eureka,US,40.8,-124.16,55.0,91,43,3.98,scattered clouds
203,Ponta Do Sol,PT,32.67,-17.1,64.4,68,75,16.11,light intensity shower rain
204,Hammerfest,NO,70.66,23.68,41.0,65,0,19.46,clear sky
205,Kaeo,NZ,-35.1,173.78,69.01,85,100,13.0,moderate rain
206,Mariinsk,RU,56.21,87.75,28.87,93,96,9.78,overcast clouds
207,Shunyi,CN,40.12,116.65,50.0,36,0,2.24,clear sky
208,Saldanha,ZA,-33.01,17.94,60.8,93,49,6.04,scattered clouds
209,Naze,JP,28.37,129.48,69.8,60,75,16.11,broken clouds
210,Semnan,IR,35.57,53.4,53.85,38,60,2.04,broken clouds
211,High Level,CA,58.52,-117.14,15.8,92,90,10.29,light snow
212,Bondo,CD,3.81,23.69,69.08,97,87,1.45,overcast clouds
213,Shubarkuduk,KZ,49.14,56.49,43.72,59,0,12.95,clear sky
214,Dingle,PH,11.0,122.67,84.16,77,100,4.09,moderate rain
215,Husavik,IS,66.04,-17.34,39.2,69,0,14.99,light rain
216,Kamaishi,JP,39.27,141.88,46.4,75,40,6.93,scattered clouds
217,Fuerte Olimpo,PY,-21.04,-57.87,73.29,47,0,4.18,clear sky
218,Elko,US,41.0,-115.5,59.0,28,1,2.35,clear sky
219,Uddevalla,SE,58.35,11.94,42.01,93,99,3.36,overcast clouds
220,Yumen,CN,40.28,97.2,47.1,43,51,14.83,broken clouds
221,Taltal,CL,-25.4,-70.48,56.34,77,30,2.55,scattered clouds
222,Henties Bay,NA,-22.12,14.28,57.99,91,0,6.26,clear sky
223,Sinjai,ID,-5.12,120.25,86.81,66,84,7.67,light rain
224,Ketchikan,US,55.34,-131.65,42.8,74,90,5.17,overcast clouds
225,Shubarshi,KZ,48.59,57.19,43.07,62,0,12.48,clear sky
226,Mount Gambier,AU,-37.83,140.77,60.8,59,90,17.22,overcast clouds
227,San Patricio,US,28.02,-97.52,66.99,77,1,4.7,clear sky
228,Ndele,CF,8.41,20.65,74.75,56,91,1.3,overcast clouds
229,Bembereke,BJ,10.23,2.66,75.36,43,100,2.73,overcast clouds
230,Aksu,CN,41.12,80.26,48.4,45,3,0.63,clear sky
231,Kampot,KH,10.62,104.18,86.0,55,0,5.82,clear sky
232,Kirakira,SB,-10.45,161.92,84.7,70,100,7.61,overcast clouds
233,Whitehorse,CA,60.72,-135.05,3.2,77,75,4.7,light snow
234,Souillac,MU,-20.52,57.52,69.8,73,40,9.17,shower rain
235,Boden,SE,65.83,21.69,37.4,86,0,4.7,clear sky
236,Surt,LY,31.21,16.59,66.11,71,0,6.4,clear sky
237,Saint George,US,37.1,-113.58,75.2,22,1,1.66,clear sky
238,Alyangula,AU,-13.85,136.42,91.4,52,100,11.41,overcast clouds
239,Staraya Mayna,RU,54.6,48.95,33.8,100,90,2.24,fog
240,Ballina,AU,-28.87,153.57,80.01,56,0,10.29,clear sky
241,Campagna,IT,40.67,15.11,57.99,83,95,1.01,overcast clouds
242,Sacele,RO,45.62,25.69,46.0,85,100,2.24,overcast clouds
243,Kudus,ID,-6.8,110.84,87.37,64,100,9.55,moderate rain
244,Belmonte,BR,-15.86,-38.88,68.0,94,90,4.7,mist
245,Salalah,OM,17.02,54.09,69.8,56,0,3.36,clear sky
246,Pangnirtung,CA,66.15,-65.71,18.28,82,100,5.84,overcast clouds
247,Tiksi,RU,71.69,128.87,8.28,95,100,5.77,overcast clouds
248,Bredasdorp,ZA,-34.53,20.04,66.2,93,62,3.36,broken clouds
249,Northam,GB,51.03,-4.22,37.0,93,2,1.99,clear sky
250,Talakan,RU,50.32,130.37,22.96,83,0,9.19,clear sky
251,Camalu,MX,30.85,-116.07,55.99,4,77,7.0,broken clouds
252,Kuruman,ZA,-27.45,23.43,61.09,67,100,24.4,moderate rain
253,Lakatoro,VU,-16.1,167.42,81.09,72,99,9.53,overcast clouds
254,Sorland,NO,67.67,12.69,45.82,80,100,35.19,overcast clouds
255,Dondaicha,IN,21.33,74.57,79.83,33,0,4.65,clear sky
256,Tarko-Sale,RU,64.92,77.78,23.31,98,100,8.41,snow
257,Primorsk,UA,46.73,36.34,53.56,86,93,14.25,overcast clouds
258,Palmer,US,42.16,-72.33,28.99,79,20,0.47,few clouds
259,Zima,RU,53.92,102.04,29.37,93,100,9.31,overcast clouds
260,Nago,JP,26.59,127.98,75.2,50,20,23.04,few clouds
261,Swellendam,ZA,-34.02,20.44,66.2,93,97,3.36,overcast clouds
262,Pjanici,BA,44.98,15.82,50.77,90,9,1.52,clear sky
263,Norman Wells,CA,65.28,-126.83,-0.4,84,75,2.24,light snow
264,Tessalit,ML,20.2,1.01,73.06,21,88,11.72,overcast clouds
265,Port Macquarie,AU,-31.43,152.92,79.0,47,2,1.99,clear sky
266,Mitu,CO,1.2,-70.17,73.44,96,100,0.38,moderate rain
267,Mayo,US,38.89,-76.51,46.4,81,1,4.7,clear sky
268,Onguday,RU,50.75,86.15,24.22,89,100,3.89,overcast clouds
269,Toamasina,MG,-18.17,49.38,68.0,94,40,4.7,shower rain
270,Gizo,SB,-8.1,156.84,85.46,72,100,10.71,light rain
271,Harper,LR,4.38,-7.72,78.01,88,27,8.14,scattered clouds
272,Oranjestad,AW,12.52,-70.03,84.2,74,20,13.87,few clouds
273,Costa Rica,BR,-23.42,-54.65,66.9,56,0,3.02,clear sky
274,Vardo,NO,70.37,31.11,42.44,69,3,21.5,clear sky
275,Anuradhapura,LK,8.36,80.42,84.09,67,0,3.29,clear sky
276,Buraydah,SA,26.33,43.98,60.8,41,0,5.82,clear sky
277,Jumla,NP,29.27,82.18,54.95,34,0,1.23,clear sky
278,Bundaberg,AU,-24.85,152.35,80.6,39,40,8.05,scattered clouds
279,Walvis Bay,NA,-22.96,14.51,57.99,93,0,4.7,clear sky
280,Vryheid,ZA,-27.77,30.79,61.56,68,88,3.71,overcast clouds
281,Natal,BR,-5.79,-35.21,78.8,83,40,9.17,scattered clouds
282,Wakkanai,JP,45.41,141.67,35.6,59,75,29.97,broken clouds
283,Kamina,CD,-8.74,24.99,64.31,91,100,3.89,overcast clouds
284,Navsari,IN,20.95,72.93,69.8,73,20,4.7,mist
285,Najran,SA,17.49,44.13,53.6,30,0,2.06,clear sky
286,Porto Belo,BR,-27.16,-48.55,64.4,88,20,6.93,few clouds
287,Karratha,AU,-20.74,116.85,91.45,30,0,7.87,clear sky
288,Tuktoyaktuk,CA,69.45,-133.04,12.2,85,90,9.17,light snow
289,Carbonia,IT,39.17,8.52,57.99,82,75,2.24,broken clouds
290,Nizhneangarsk,RU,55.78,109.55,23.67,91,100,0.87,overcast clouds
291,Muriwai Beach,NZ,-36.82,174.45,66.99,85,100,4.0,heavy intensity rain
292,Tiznit,MA,29.58,-9.5,63.34,38,99,0.81,overcast clouds
293,Ixtapa,MX,20.7,-105.2,79.0,69,5,4.7,clear sky
294,Sweetwater,US,25.76,-80.37,75.2,53,20,12.75,few clouds
295,Bandarbeyla,SO,9.49,50.81,74.8,83,38,17.18,scattered clouds
296,Skibbereen,IE,51.55,-9.27,39.2,86,20,10.29,few clouds
297,Houma,US,29.6,-90.72,51.01,87,1,4.23,clear sky
298,Turukhansk,RU,65.82,87.98,6.3,95,90,2.84,overcast clouds
299,Osakarovka,KZ,50.56,72.57,23.65,93,20,4.0,few clouds
300,Bemidji,US,47.47,-94.88,51.8,57,1,4.7,clear sky
301,Upernavik,GL,72.79,-56.15,17.35,96,100,12.08,light snow
302,Mount Isa,AU,-20.73,139.5,98.6,13,7,8.05,clear sky
303,Nemuro,JP,43.32,145.57,48.2,36,40,8.05,scattered clouds
304,Eganville,CA,45.53,-77.1,28.99,86,90,9.17,overcast clouds
305,Vanavara,RU,60.34,102.28,21.11,96,100,9.24,overcast clouds
306,Aykhal,RU,66.0,111.5,-0.4,84,75,2.24,broken clouds
307,Andover,GB,51.21,-1.48,37.4,93,0,3.36,clear sky
308,Marrakesh,MA,31.63,-8.01,62.6,77,0,4.7,clear sky
309,Lovozero,RU,68.0,35.01,34.95,88,100,3.71,overcast clouds
310,Juba,SS,4.85,31.58,73.85,65,0,0.72,clear sky
311,Tongchuan,CN,35.08,109.09,56.19,38,100,3.58,overcast clouds
312,Sibu,MY,2.3,111.82,84.2,74,20,4.7,few clouds
313,Whitianga,NZ,-36.83,175.7,71.01,80,99,7.0,light rain
314,Sinegorye,RU,62.08,150.48,6.08,91,100,7.61,snow
315,Iranshahr,IR,27.2,60.68,57.2,15,0,6.93,clear sky
316,Nowy Sacz,PL,49.62,20.7,54.0,90,100,2.55,overcast clouds
317,Sekoma,BW,-24.4,23.88,70.48,59,100,13.8,overcast clouds
318,Sivaki,RU,52.63,126.75,18.03,90,97,10.92,overcast clouds
319,Biltine,TD,14.53,20.92,77.67,23,0,20.51,clear sky
320,Bambous Virieux,MU,-20.34,57.76,69.8,73,40,9.17,shower rain
321,Kupino,RU,54.37,77.3,27.75,92,100,11.79,overcast clouds
322,Deputatskiy,RU,69.3,139.9,-13.09,87,7,1.77,clear sky
323,Farah,AF,32.5,62.5,49.46,44,0,1.63,clear sky
324,Cayeli,TR,41.09,40.73,62.02,60,83,2.21,broken clouds
325,Brae,GB,60.4,-1.35,46.4,75,99,26.4,light rain
326,La Ronge,CA,55.1,-105.28,41.0,75,100,2.24,overcast clouds
327,San Carlos De Bariloche,AR,-41.15,-71.31,51.8,57,0,12.75,clear sky
328,Grants Pass,US,42.44,-123.33,64.4,42,75,2.95,broken clouds
329,Thunder Bay,CA,48.4,-89.32,34.0,100,5,3.36,clear sky
330,Comarapa,BO,-17.9,-64.48,58.84,53,0,0.76,clear sky
331,Liverpool,GB,53.41,-2.98,45.0,93,20,2.24,few clouds
332,Novoanninskiy,RU,50.53,42.67,43.12,84,93,6.42,light rain
333,Vanderhoof,CA,54.02,-124.02,44.87,77,100,5.68,overcast clouds
334,Taree,AU,-31.9,152.47,75.0,56,30,12.75,scattered clouds
335,Rio Gallegos,AR,-51.62,-69.22,44.6,93,90,8.05,overcast clouds
336,Prince Rupert,CA,54.32,-130.32,44.6,86,75,3.36,broken clouds
337,Saint-Louis,SN,16.33,-15.0,84.58,18,0,7.36,clear sky
338,Marsh Harbour,BS,26.54,-77.06,73.69,72,37,23.87,scattered clouds
339,Trani,IT,41.27,16.42,55.4,82,0,5.82,clear sky
340,Alofi,NU,-19.06,-169.92,80.6,69,75,23.04,broken clouds
341,Pocone,BR,-16.26,-56.62,76.84,46,0,6.6,clear sky
342,Urucara,BR,-2.54,-57.76,82.87,59,65,0.76,broken clouds
343,Isangel,VU,-19.55,169.27,76.87,78,100,9.17,overcast clouds
344,Itarema,BR,-2.92,-39.92,80.67,77,70,11.72,broken clouds
345,Sao Felix Do Xingu,BR,-6.64,-51.99,71.87,96,98,1.5,overcast clouds
346,Saint-Donat-De-Montcalm,CA,46.32,-74.22,26.6,86,48,1.12,scattered clouds
347,Lorengau,PG,-2.02,147.27,85.01,74,90,5.28,light rain
348,Tinskoy,RU,56.15,96.92,28.08,95,100,10.13,overcast clouds
349,San Pedro,PH,14.35,121.02,84.2,74,75,8.05,broken clouds
350,Pathein,MM,16.78,94.73,84.78,75,0,4.14,light rain
351,Margate,GB,51.38,1.39,51.01,66,0,1.99,clear sky
352,Ahar,IR,38.48,47.07,51.58,67,27,3.56,scattered clouds
353,Kuldur,RU,49.22,131.63,21.74,83,14,12.44,few clouds
354,Botelhos,BR,-21.63,-46.4,57.9,89,42,1.81,scattered clouds
355,Nantucket,US,41.28,-70.1,41.0,44,1,11.41,clear sky
356,Zhigansk,RU,66.77,123.37,0.12,89,31,5.59,scattered clouds
357,Constitucion,CL,-35.33,-72.42,54.63,69,0,12.73,clear sky
358,Mahajanga,MG,-15.72,46.32,73.4,64,20,8.05,few clouds
359,Bilma,NE,18.69,12.92,69.39,24,0,7.7,clear sky
360,Kenora,CA,49.82,-94.43,46.4,61,20,3.36,few clouds
361,Puksoozero,RU,62.59,40.61,44.53,89,98,10.71,overcast clouds
362,Campbellsville,US,37.34,-85.34,53.6,61,1,3.36,clear sky
363,Xining,CN,36.62,101.77,40.35,61,100,1.39,overcast clouds
364,Vao,NC,-22.67,167.48,73.24,90,100,13.02,light rain
365,Mercedes,AR,-34.65,-59.43,63.0,89,71,9.1,broken clouds
366,Kabansk,RU,52.05,106.65,21.2,79,20,2.04,few clouds
367,Cherskiy,RU,68.75,161.3,-5.13,85,0,4.03,clear sky
368,Tura,IN,25.52,90.22,75.7,55,0,1.99,clear sky
369,Paamiut,GL,61.99,-49.67,33.22,91,100,26.15,overcast clouds
370,Tiarei,PF,-17.53,-149.33,84.2,66,75,10.29,broken clouds
371,Boma,GH,7.08,-2.17,70.43,96,0,1.36,clear sky
372,Kenai,US,60.55,-151.26,19.4,37,1,5.82,clear sky
373,Krechevitsy,RU,58.62,31.4,43.66,95,52,7.29,broken clouds
374,Nenjiang,CN,49.18,125.22,27.77,78,96,8.55,overcast clouds
375,Tatawin,TN,32.93,10.45,60.8,55,78,3.36,broken clouds
376,Mataram,ID,-8.58,116.12,89.6,62,40,11.41,scattered clouds
377,Hasaki,JP,35.73,140.83,64.0,44,20,9.17,few clouds
378,Padang,ID,-0.95,100.35,78.66,74,100,4.61,moderate rain
379,Geraldton,AU,-28.77,114.6,80.6,32,13,12.75,few clouds
380,Filingue,NE,14.35,3.32,81.07,26,53,8.05,broken clouds
381,Beloha,MG,-25.17,45.05,71.46,72,0,4.34,clear sky
382,Roald,NO,62.58,6.13,44.6,81,100,17.22,light rain
383,Teahupoo,PF,-17.83,-149.27,84.2,66,75,10.29,broken clouds
384,Dabat,ET,12.98,37.77,52.0,65,0,4.83,clear sky
385,Tansen,NP,27.87,83.55,62.22,66,0,0.58,clear sky
386,Lima,PE,-12.04,-77.03,62.6,82,0,9.17,clear sky
387,Mongoumba,CF,3.64,18.59,70.7,96,74,1.74,light rain
388,Wichian Buri,TH,15.66,101.11,86.0,55,5,13.24,clear sky
389,Araguacu,BR,-12.93,-49.83,72.59,94,100,3.83,light rain
390,Samana,DO,19.21,-69.34,77.58,82,100,5.93,overcast clouds
391,Sur,OM,22.57,59.53,71.53,34,0,3.22,clear sky
392,Tete,MZ,-16.16,33.59,80.6,74,20,9.17,few clouds
393,Geisenheim,DE,49.98,7.97,45.0,87,37,3.96,scattered clouds
394,Conakry,GN,9.54,-13.68,81.68,78,5,5.88,clear sky
395,Prado,BR,-17.34,-39.22,68.59,91,98,5.82,overcast clouds
396,Sawtell,AU,-30.38,153.1,73.0,60,0,11.41,clear sky
397,Tuatapere,NZ,-46.13,167.68,70.0,61,19,13.0,few clouds
398,Imeni Poliny Osipenko,RU,52.42,136.49,22.32,87,27,5.91,scattered clouds
399,Vila Velha,BR,-20.33,-40.29,68.0,82,75,2.24,broken clouds
400,Xapuri,BR,-10.65,-68.5,77.31,50,10,2.08,clear sky
401,Ca Mau,VN,9.18,105.15,86.05,69,100,1.68,overcast clouds
402,Kamenka,RU,51.32,42.77,42.31,84,99,5.37,overcast clouds
403,Ribnica,SI,45.74,14.73,46.0,100,12,0.11,few clouds
404,Grand Gaube,MU,-20.01,57.66,69.01,74,57,4.0,broken clouds
405,Iquique,CL,-20.22,-70.14,64.4,63,90,8.05,overcast clouds
406,Kirkwall,GB,58.98,-2.96,44.6,75,99,18.34,overcast clouds
407,Abu Dhabi,AE,24.47,54.37,75.2,69,0,1.12,clear sky
408,Canutama,BR,-6.53,-64.38,74.05,97,48,2.39,scattered clouds
409,Ahvaz,IR,31.32,48.67,57.2,71,0,1.52,clear sky
410,Laguna De Perlas,NI,12.34,-83.67,74.59,91,100,25.99,light rain
411,Gejiu,CN,23.31,103.16,50.68,100,100,3.67,overcast clouds
412,Bhatkal,IN,13.97,74.57,81.5,67,13,4.36,few clouds
413,Qaqortoq,GL,60.72,-46.03,37.4,98,100,16.11,light rain
414,Yushan,CN,31.38,120.95,66.99,48,75,4.47,broken clouds
415,Arrecife,ES,28.96,-13.55,68.0,82,71,12.75,broken clouds
416,Sterling,US,39.01,-77.43,46.99,70,1,3.2,clear sky
417,Hofn,IS,64.25,-15.21,43.32,62,100,8.43,overcast clouds
418,Uige,AO,-7.61,15.06,68.5,96,100,1.79,overcast clouds
419,Albanel,CA,48.88,-72.45,15.8,78,0,6.93,clear sky
420,Kichera,RU,55.94,110.1,23.65,91,100,1.39,overcast clouds
421,Halden,NO,59.12,11.39,45.0,87,60,4.7,broken clouds
422,Kiruna,SE,67.86,20.23,32.0,96,49,16.11,scattered clouds
423,Kokopo,PG,-4.35,152.26,83.77,78,92,5.95,moderate rain
424,Palu,ID,-0.89,119.87,91.38,47,100,2.19,light rain
425,Cumberland,US,35.05,-78.87,46.99,75,1,3.36,clear sky
426,Evensk,RU,61.95,159.23,28.49,97,100,22.57,overcast clouds
427,Port Lincoln,AU,-34.73,135.87,58.77,63,100,17.98,overcast clouds
428,Egvekinot,RU,66.32,-179.17,6.51,79,0,3.49,clear sky
429,Tuy Hoa,VN,13.08,109.3,79.68,76,100,14.34,overcast clouds
430,Sao Filipe,CV,14.9,-24.5,77.58,75,100,4.56,overcast clouds
431,Samandag,TR,36.08,35.98,57.2,100,75,3.36,broken clouds
432,Lahaina,US,20.88,-156.68,87.8,58,40,17.22,scattered clouds
433,Bowen,AU,-20.02,148.23,86.0,37,0,11.41,clear sky
434,Bonavista,CA,48.65,-53.11,37.0,72,35,1.12,scattered clouds
435,Duncan,US,34.5,-97.96,63.0,51,1,10.29,clear sky
436,Paidha,UG,2.42,30.99,62.06,89,15,2.28,few clouds
437,Sri Aman,MY,1.24,111.46,80.6,83,20,2.24,few clouds
438,Klaksvik,FO,62.23,-6.59,42.8,75,90,18.34,overcast clouds
439,Saint-Augustin,CA,51.23,-58.65,24.87,79,33,11.25,scattered clouds
440,Sosva,RU,59.18,61.86,34.48,82,0,10.47,clear sky
441,Pulaski,US,34.77,-92.3,55.99,71,1,5.5,clear sky
442,Kavaratti,IN,10.57,72.64,82.36,72,0,4.56,clear sky
443,Saquena,PE,-4.67,-73.52,78.3,79,97,2.26,overcast clouds
444,Abay,KZ,49.63,72.85,24.8,68,90,4.47,overcast clouds
445,Ilulissat,GL,69.22,-51.1,35.6,93,100,27.51,light snow
446,Basco,PH,20.45,121.97,77.65,72,100,30.94,overcast clouds
447,Erzin,TR,36.96,36.2,59.0,100,75,3.36,broken clouds
448,Dandong,CN,40.13,124.39,42.91,47,0,3.87,clear sky
449,Chabahar,IR,25.29,60.64,57.2,93,0,1.74,fog
450,Haines Junction,CA,60.75,-137.51,-0.4,84,100,1.12,light snow
451,Masallatah,LY,32.62,14.0,63.66,76,0,10.29,clear sky
452,Opuwo,NA,-18.06,13.84,62.26,34,0,1.97,clear sky
453,Stephenville Crossing,CA,48.5,-58.43,32.0,93,75,13.87,broken clouds
454,Luena,AO,-11.78,19.92,61.61,90,95,1.57,light rain
455,Yerbogachen,RU,61.28,108.01,19.72,95,99,9.6,light snow
456,Strezhevoy,RU,60.73,77.59,26.6,86,0,13.42,clear sky
457,Port Moresby,PG,-9.44,147.18,87.8,66,40,17.22,scattered clouds
458,Shakawe,BW,-18.37,21.85,64.74,87,79,2.75,broken clouds
459,Nigde,TR,37.83,34.75,44.38,80,100,2.8,light rain
460,Polson,US,47.69,-114.16,50.0,50,100,9.86,overcast clouds
461,Salta,AR,-24.79,-65.41,68.0,40,0,2.24,clear sky
462,Chuy,UY,-33.7,-53.46,54.73,82,0,7.74,clear sky
463,Chino Valley,US,34.76,-112.45,62.6,33,75,3.36,broken clouds
464,Parana,AR,-31.73,-60.52,69.01,55,0,1.99,clear sky
465,Kuntaur,GM,13.67,-14.88,77.04,49,0,4.29,clear sky
466,Kingman,US,35.19,-114.05,71.01,22,1,4.7,clear sky
467,Svetlogorsk,BY,52.63,29.73,40.21,93,18,5.48,few clouds
468,Maceio,BR,-9.67,-35.74,77.0,88,0,8.05,clear sky
469,Le Port,RE,-20.94,55.29,71.6,56,90,6.93,overcast clouds
470,Smolenka,RU,52.14,113.5,24.8,73,20,4.47,few clouds
471,Cabra,ES,37.47,-4.44,60.8,87,0,2.24,clear sky
472,Fort Nelson,CA,58.81,-122.7,10.4,85,90,5.82,light snow
473,Buta,CD,2.79,24.73,69.08,97,45,0.87,scattered clouds
474,Fairbanks,US,64.84,-147.72,-16.6,75,20,1.28,few clouds
475,Huesca,ES,42.14,-0.41,46.99,93,90,2.24,overcast clouds
476,Taksimo,RU,56.34,114.88,15.53,88,81,0.6,broken clouds
477,Skjervoy,NO,70.03,20.97,43.72,62,1,13.31,clear sky
478,Hinatuan,PH,8.37,126.33,88.56,59,50,3.94,scattered clouds
479,Curillo,CO,1.03,-75.92,72.41,95,52,0.92,light rain
480,Madras,IN,13.09,80.28,80.6,94,40,2.24,mist
481,Namibe,AO,-15.2,12.15,67.86,69,0,9.48,clear sky
482,Kapuskasing,CA,49.42,-82.43,26.6,86,99,10.29,overcast clouds
483,Batagay-Alyta,RU,67.8,130.41,-1.91,91,21,0.34,few clouds
484,Severnyy,RU,50.68,36.55,44.6,100,90,4.47,fog
485,Podyuga,RU,61.09,40.86,44.1,89,100,8.9,overcast clouds
486,Ancud,CL,-41.87,-73.82,51.01,100,90,13.87,light intensity shower rain
487,Hailar,CN,49.2,119.7,24.04,89,97,10.18,overcast clouds
488,Jizan,SA,17.33,42.67,78.8,78,0,3.36,clear sky
489,Kirkland Lake,CA,48.14,-80.04,23.0,100,100,8.61,overcast clouds
490,Campbellton,CA,48.01,-66.67,21.2,62,0,5.82,clear sky
491,Luganville,VU,-15.53,167.17,80.6,75,96,7.81,overcast clouds
492,Arlit,NE,18.74,7.39,72.93,21,95,6.13,overcast clouds
493,Shingu,JP,33.73,135.98,59.0,44,40,19.46,scattered clouds
494,Shobara,JP,34.85,133.02,59.0,50,20,6.93,few clouds
495,Nicoya,CR,10.15,-85.45,73.78,91,100,2.17,light rain
496,Celestun,MX,20.87,-90.4,75.47,76,52,15.46,broken clouds
497,Gambo,CF,4.65,22.26,69.91,97,98,0.78,overcast clouds
498,Liwale,TZ,-9.77,37.93,68.41,80,69,3.6,broken clouds
499,Lodwar,KE,3.12,35.6,79.63,57,0,11.59,clear sky
500,Kununurra,AU,-15.77,128.73,96.8,37,97,11.41,overcast clouds
501,Atambua,ID,-9.11,124.89,89.64,41,71,2.82,broken clouds
502,Kenda,IN,23.2,86.53,68.0,72,0,2.24,haze
503,Kijang,KR,35.24,129.21,50.0,31,0,13.87,clear sky
504,Komsomolskiy,UZ,40.43,71.72,39.2,41,0,9.17,clear sky
505,Mabaruma,GY,8.2,-59.78,74.14,98,100,2.82,overcast clouds
506,Makakilo City,US,21.35,-158.09,86.0,62,20,6.93,few clouds
507,Sim,RU,54.99,57.7,35.62,82,0,3.02,clear sky
508,Arman,RU,59.7,150.17,34.12,91,100,1.92,overcast clouds
509,Guerrero Negro,MX,27.98,-114.06,69.75,76,0,13.62,clear sky
510,Rohtak,IN,28.9,76.57,59.0,67,0,4.7,smoke
511,Polyarnyy,RU,69.2,33.45,35.6,83,0,6.71,clear sky
512,Fort Smith,US,35.39,-94.4,55.4,66,1,2.21,clear sky
513,Praia Da Vitoria,PT,38.73,-27.07,59.0,77,40,15.64,scattered clouds
514,Gurlan,UZ,41.84,60.39,42.8,44,0,6.93,clear sky
515,Benguela,AO,-12.58,13.41,74.8,79,7,3.15,light rain
516,Marshall,US,34.38,-86.33,48.99,70,1,1.12,clear sky
517,Alice Springs,AU,-23.7,133.88,98.6,6,0,8.05,clear sky
518,Julio De Castilhos,BR,-29.23,-53.68,60.8,77,0,11.41,clear sky
519,Tucurui,BR,-3.77,-49.67,75.15,92,99,1.99,overcast clouds
520,Tottori,JP,35.5,134.23,55.4,54,75,12.75,broken clouds
521,Anadyr,RU,64.75,177.48,6.8,77,0,2.24,clear sky
522,Mpwapwa,TZ,-6.35,36.48,62.11,92,6,3.91,clear sky
523,Raga,SS,8.46,25.68,72.43,79,93,2.35,overcast clouds
524,Belaya Gora,RU,68.53,146.42,-14.08,81,0,4.63,clear sky
525,Chenzhou,CN,25.8,113.03,62.38,62,87,3.53,overcast clouds
526,Djibo,BF,14.1,-1.63,78.8,26,76,4.54,broken clouds
527,Carutapera,BR,-1.2,-46.02,76.82,92,42,3.24,moderate rain
528,Bela Vista De Goias,BR,-16.97,-48.95,71.6,64,0,5.82,clear sky
529,Quirinopolis,BR,-18.45,-50.45,68.97,44,0,3.94,clear sky
530,Saint-Jean-De-Luz,FR,43.39,-1.66,48.2,93,20,2.24,few clouds
531,Kjollefjord,NO,70.95,27.35,41.74,69,18,18.03,few clouds
532,San Cristobal,VE,7.77,-72.22,67.42,92,99,1.79,moderate rain
533,Lasa,IT,46.62,10.7,48.99,93,75,5.82,broken clouds
534,Slyudyanka,RU,51.66,103.71,33.76,86,96,2.95,overcast clouds
535,Namatanai,PG,-3.67,152.43,87.21,65,79,5.14,light rain
536,Okhotsk,RU,59.38,143.3,30.97,94,100,26.02,overcast clouds
537,Mamou,GN,10.5,-12.0,69.24,66,3,0.76,clear sky
538,Porto Novo,BJ,6.5,2.6,77.79,88,49,3.96,scattered clouds
539,Biloela,AU,-24.42,150.5,84.61,35,0,2.86,clear sky
540,Les Cayes,HT,18.2,-73.75,75.0,92,100,4.43,overcast clouds
541,Coahuayana,MX,18.73,-103.68,75.83,68,0,2.13,clear sky
542,Weinan,CN,34.5,109.51,57.99,54,100,4.47,overcast clouds
543,Moron,AR,-34.65,-58.62,68.0,69,28,4.0,scattered clouds
544,Sabang,ID,5.89,95.32,81.61,73,63,3.04,broken clouds
545,Udachnyy,RU,66.42,112.4,-0.4,84,75,2.24,broken clouds
546,Ushtobe,KZ,45.25,77.98,39.9,67,0,9.86,clear sky
547,Touros,BR,-5.2,-35.46,78.8,83,40,8.05,scattered clouds
548,Sakakah,SA,29.97,40.21,64.4,63,0,4.7,clear sky
549,Teya,RU,60.38,92.63,19.42,93,100,7.65,overcast clouds
550,Blackwater,AU,-23.58,148.88,84.29,39,3,2.73,clear sky
551,Nombre De Dios,MX,23.85,-104.23,57.2,33,5,6.93,clear sky
552,Boa Esperanca Do Sul,BR,-21.99,-48.39,64.24,70,0,7.36,clear sky
553,Inirida,CO,3.87,-67.92,74.79,95,97,1.79,moderate rain
554,Zyryanskoye,RU,56.83,86.63,27.68,93,95,10.92,overcast clouds
555,Berdigestyakh,RU,62.1,126.7,9.82,93,93,5.55,overcast clouds
556,Magdagachi,RU,53.45,125.8,21.78,88,76,9.06,broken clouds
557,Safaga,EG,26.73,33.94,69.8,49,0,9.17,clear sky
558,Banjar,ID,-8.19,114.97,91.44,49,20,2.19,few clouds
559,Alghero,IT,40.56,8.32,51.8,100,99,1.12,fog
560,Kadyy,RU,57.79,43.19,39.9,96,86,7.81,overcast clouds
561,Phon,TH,15.82,102.6,80.01,99,2,13.87,clear sky
562,Paita,PE,-5.09,-81.11,62.24,88,10,9.08,clear sky
563,Sinnamary,GF,5.38,-52.95,79.29,88,96,9.69,overcast clouds
564,Lucea,JM,18.45,-78.17,78.8,88,75,6.93,broken clouds
565,Ayagoz,KZ,47.97,80.44,24.85,90,100,13.51,overcast clouds
566,Mahonda,TZ,-6.45,39.47,73.4,88,20,10.69,few clouds
567,Linshui,CN,36.42,114.2,63.66,27,1,7.11,clear sky
568,Port Blair,IN,11.67,92.75,84.22,72,3,8.52,clear sky
569,Hokitika,NZ,-42.72,170.97,59.07,96,99,9.44,light rain
570,Toowoomba,AU,-27.55,151.97,79.0,44,0,6.93,clear sky
571,Grindavik,IS,63.84,-22.43,44.6,100,90,28.86,moderate rain
572,Chumikan,RU,54.72,135.31,16.83,90,0,32.17,clear sky
573,Praia,CV,14.92,-23.51,75.2,83,0,8.05,clear sky
574,Menongue,AO,-14.66,17.69,64.49,82,100,8.12,light rain
575,Chernyshevskiy,RU,63.01,112.47,17.33,96,97,5.75,overcast clouds
576,Tautira,PF,-17.73,-149.15,84.2,66,75,10.29,broken clouds
577,Catuday,PH,16.29,119.81,82.42,73,97,5.39,overcast clouds
578,Zambezi,ZM,-13.54,23.1,64.87,93,100,4.9,moderate rain
579,Cukai,MY,4.25,103.42,77.0,100,40,3.36,moderate rain
580,Umm Lajj,SA,25.02,37.27,75.25,53,0,9.93,clear sky
581,Anchorage,US,61.22,-149.9,17.6,43,1,3.36,clear sky
582,Petropavlovsk-Kamchatskiy,RU,53.05,158.65,50.0,61,57,17.9,broken clouds
583,Isiro,CD,2.77,27.62,66.61,98,100,1.7,light rain
584,Acapulco,MX,16.86,-99.89,82.4,83,5,5.82,clear sky
585,Talara,PE,-4.58,-81.27,63.25,88,70,14.38,broken clouds
586,Kilindoni,TZ,-7.91,39.67,78.06,75,16,9.31,few clouds
587,Kemin,KG,42.78,75.69,43.93,50,55,2.42,broken clouds
588,Dragomiresti,RO,44.92,25.33,46.0,81,100,4.05,overcast clouds
589,Puerto Escondido,MX,15.85,-97.07,78.8,74,20,4.7,few clouds
590,Sokoto,NG,13.06,5.24,78.64,20,100,12.03,overcast clouds
591,Teknaf,BD,20.86,92.31,78.22,86,100,9.06,light rain
592,Loa Janan,ID,-0.58,117.09,89.65,54,98,1.48,overcast clouds
593,Superior,US,46.72,-92.1,57.2,50,1,4.7,clear sky
594,Aksay,RU,47.26,39.87,53.6,87,0,11.18,clear sky
595,Uray,RU,60.12,64.78,33.55,88,100,14.0,overcast clouds
596,Quelimane,MZ,-17.88,36.89,77.0,94,20,5.82,few clouds
597,Hualmay,PE,-11.1,-77.61,62.11,84,14,7.23,few clouds
598,Road Town,VG,18.42,-64.62,81.0,85,63,1.99,broken clouds
599,Iwaki,JP,37.05,140.88,57.0,49,0,5.01,clear sky
600,Bentiu,SS,9.23,29.83,75.18,80,29,2.71,light rain
601,Ventosa,PT,39.13,-9.08,55.0,82,0,1.99,clear sky
602,Miri,MY,4.41,114.01,86.0,74,40,9.17,scattered clouds
603,Starachowice,PL,51.04,21.07,53.01,1,98,4.16,overcast clouds
604,Moosomin,CA,50.13,-101.67,47.12,53,0,8.34,clear sky
605,Shirvan,AZ,39.95,48.9,60.17,62,100,4.29,light rain
606,Olinda,BR,-8.01,-34.86,80.6,74,75,8.05,broken clouds
607,Emerald,AU,-23.53,148.17,87.01,42,0,4.7,clear sky
608,Mwanza,TZ,-2.52,32.9,71.6,88,20,8.05,few clouds
609,At-Bashi,KG,41.17,75.81,32.43,65,0,1.34,clear sky
610,Port-Cartier,CA,50.03,-66.87,21.2,62,0,8.05,clear sky
611,Daokou,CN,35.56,114.51,62.47,29,58,16.37,broken clouds
612,Jalu,LY,29.03,21.55,59.49,85,0,6.62,clear sky
613,Kyren,RU,51.68,102.14,32.07,87,99,0.56,light snow
614,Balgazyn,RU,51.0,95.2,28.85,96,100,5.41,overcast clouds
615,Conceicao Das Alagoas,BR,-19.91,-48.39,67.03,47,0,2.66,clear sky
616,Cochabamba,BO,-17.39,-66.16,66.2,34,42,8.05,scattered clouds
617,Bjornevatn,NO,69.67,29.98,32.0,84,8,9.17,clear sky
618,Port Hardy,CA,50.7,-127.42,50.0,100,90,9.17,heavy intensity rain
619,Bara,NG,10.37,10.73,77.58,33,26,9.22,scattered clouds
620,San Andres Del Rabanedo,ES,42.61,-5.62,44.01,86,90,2.24,overcast clouds
621,Auki,SB,-8.77,160.7,86.99,62,100,2.53,overcast clouds
622,Abha,SA,18.22,42.51,55.4,93,0,0.47,clear sky
623,Necochea,AR,-38.55,-58.74,61.0,72,78,17.0,moderate rain
624,Tabou,CI,4.42,-7.35,78.12,88,10,7.49,light rain
625,Alta Floresta,BR,-9.88,-56.09,74.19,80,42,0.45,scattered clouds
626,Tupik,RU,54.43,119.93,17.73,88,100,2.8,overcast clouds
627,Khandbari,NP,27.37,87.2,73.8,44,22,0.18,few clouds
628,Dicabisagan,PH,17.08,122.42,77.88,84,99,11.07,light rain
629,Vrede,ZA,-27.43,29.17,55.45,77,99,0.81,overcast clouds
630,Awbari,LY,26.59,12.78,59.97,53,0,6.35,clear sky
631,Urumqi,CN,43.8,87.6,39.2,44,0,2.24,clear sky
632,Adra,ES,36.75,-3.02,62.01,77,0,8.05,clear sky
633,Mecca,SA,21.43,39.83,74.03,85,0,3.53,clear sky
634,Woodland,US,38.68,-121.77,66.2,51,20,4.47,few clouds
635,Mae Sai,TH,20.43,99.88,80.01,83,40,2.24,scattered clouds
636,Mehamn,NO,71.04,27.85,41.13,73,33,18.95,scattered clouds
637,Guadalajara,MX,20.67,-103.33,63.0,51,5,0.11,clear sky
638,Gizel,RU,43.04,44.57,41.0,93,69,4.47,broken clouds
639,Asyut,EG,27.18,31.18,68.0,56,0,6.93,clear sky
640,Nanfeng,CN,23.74,111.8,72.39,51,94,2.46,overcast clouds
641,Bambanglipuro,ID,-7.95,110.28,87.62,56,0,5.28,clear sky
642,Traverse City,US,44.76,-85.62,57.2,44,1,11.41,clear sky
643,Faya,SA,18.39,42.45,55.4,93,0,1.16,clear sky
644,Manaus,BR,-3.1,-60.02,86.0,70,20,2.24,few clouds
645,Chamrajnagar,IN,11.92,76.95,74.95,78,0,0.83,clear sky
646,Kawalu,ID,-7.38,108.21,89.06,49,4,3.58,clear sky
647,Samfya,ZM,-11.36,29.56,67.46,63,37,5.37,scattered clouds
648,La Rochelle,FR,46.17,-1.15,42.8,93,0,3.36,clear sky
649,Eyrarbakki,IS,63.86,-21.15,44.6,81,90,14.99,heavy intensity rain
650,Mayumba,GA,-3.43,10.66,78.03,90,77,7.23,moderate rain
651,Purpe,RU,64.48,76.69,24.08,98,100,9.98,snow
652,Mushie,CD,-3.02,16.9,70.38,88,99,2.19,overcast clouds
653,Saint-Pierre,RE,-21.34,55.48,71.6,49,20,8.05,few clouds
654,Taoudenni,ML,22.68,-3.98,72.21,21,0,4.54,clear sky
655,Hamilton,US,39.18,-84.53,50.0,53,1,5.82,clear sky
656,Boa Vista,BR,2.82,-60.67,84.2,66,20,3.36,few clouds
657,Blagoyevo,RU,63.37,47.92,41.74,89,100,11.39,overcast clouds
658,Qeshm,IR,26.96,56.27,68.0,88,40,4.7,mist
659,Hovd,MN,48.01,91.64,33.44,72,99,8.97,overcast clouds
660,Vertientes,CU,21.26,-78.15,75.2,94,75,9.17,broken clouds
661,Mahayag,PH,8.12,123.45,88.0,70,98,2.75,overcast clouds
662,Morehead,US,37.27,-87.18,55.4,75,1,6.82,clear sky
663,Santa Cruz De La Palma,ES,28.68,-17.76,69.8,83,40,10.29,scattered clouds
664,Cedar Lake,US,41.36,-87.44,57.0,50,1,11.41,clear sky
665,Brownsville,US,25.9,-97.5,66.2,68,1,3.36,clear sky
666,Vanimo,PG,-2.67,141.3,85.87,75,99,9.95,light rain
667,Mosquera,CO,4.71,-74.23,55.4,87,20,5.82,few clouds
668,Puerto Madero,MX,14.72,-92.42,78.8,100,20,6.49,few clouds
669,Yulara,AU,-25.24,130.99,91.4,22,90,8.05,overcast clouds
670,Amberley,US,39.2,-84.43,50.0,75,1,5.86,clear sky
671,Kribi,CM,2.95,9.92,77.95,89,100,8.95,moderate rain
672,Shenzhen,CN,22.55,114.07,78.01,66,68,4.63,broken clouds
673,Chara,RU,56.91,118.26,13.19,86,70,1.32,broken clouds
674,Hinton,CA,53.4,-117.59,41.0,86,98,4.7,overcast clouds
675,Marzuq,YE,14.4,46.47,55.65,36,0,1.92,clear sky
676,Otavi,NA,-19.65,17.33,69.64,27,58,7.2,broken clouds
677,Manyana,BW,-23.4,21.72,68.31,67,100,11.88,light rain
678,Koutsouras,GR,35.03,25.95,68.0,69,100,8.01,overcast clouds
679,Chapada Dos Guimaraes,BR,-15.46,-55.75,86.0,35,0,4.7,clear sky
680,Mezen,RU,65.85,44.24,43.12,85,100,10.29,overcast clouds
681,North Bend,US,43.41,-124.22,60.8,82,90,5.82,overcast clouds
682,Ust-Barguzin,RU,53.45,108.98,30.69,94,100,2.55,overcast clouds
683,Lock Haven,US,41.14,-77.45,39.0,84,13,3.49,few clouds
684,Cap-Aux-Meules,CA,47.38,-61.86,30.2,58,97,21.92,overcast clouds
685,Katakwi,UG,1.89,33.97,66.96,76,41,5.3,scattered clouds
686,Aswan,EG,24.09,32.91,64.22,47,0,9.51,clear sky
687,Rongcheng,CN,30.63,117.85,64.0,53,0,5.57,clear sky
688,Baculin,PH,7.45,126.58,84.7,70,44,3.96,light rain
689,Calama,CL,-22.47,-68.93,53.6,25,0,6.93,clear sky
690,Birao,CF,10.28,22.79,75.15,38,20,5.66,few clouds
691,Umm Kaddadah,SD,13.6,26.69,75.65,23,18,21.56,few clouds
692,Iskenderun,TR,36.59,36.17,57.2,100,75,3.36,broken clouds
693,Lalmohan,BD,22.34,90.74,81.93,77,53,4.81,broken clouds
694,Leshan,CN,29.56,103.76,59.14,70,99,1.99,overcast clouds
695,Ola,RU,59.58,151.28,33.35,96,100,3.96,overcast clouds
696,Shellbrook,CA,53.22,-106.4,35.6,83,90,2.24,overcast clouds
697,Kokstad,ZA,-30.55,29.42,58.66,65,15,4.18,few clouds
698,Gat,IL,31.61,34.76,66.2,77,20,2.24,few clouds
699,Batemans Bay,AU,-35.72,150.18,80.01,52,92,4.0,overcast clouds
700,San Mateo Ixtatan,GT,15.83,-91.48,46.33,100,100,5.88,overcast clouds
701,Kulhudhuffushi,MV,6.62,73.07,81.7,67,0,2.93,clear sky
702,Rudsar,IR,37.14,50.29,64.4,88,75,4.7,broken clouds
703,Valparaiso,CL,-33.04,-71.63,51.8,100,90,5.82,overcast clouds
704,Ereymentau,KZ,51.62,73.1,24.75,94,94,10.89,overcast clouds
705,Tarakan,ID,3.3,117.63,82.44,74,100,2.44,overcast clouds
706,Aberdeen,GB,57.14,-2.1,44.6,81,86,13.87,overcast clouds
707,Nakhon Thai,TH,17.1,100.84,82.4,69,20,3.36,few clouds
708,Upington,ZA,-28.45,21.26,68.0,64,0,6.93,clear sky
709,Flagstaff,US,35.2,-111.65,48.0,52,1,2.24,clear sky
